{
	"info": {
		"_postman_id": "66aaf4c1-e385-4edf-a17b-9625ed2aee5e",
		"name": "FHIR INTERMEDIATE COURSE - NODE JS SERVER",
		"schema": "https://schema.getpostman.com/json/collection/v2.1.0/collection.json"
	},
	"item": [
		{
			"name": "Patient",
			"item": [
				{
					"name": "find by criteria",
					"item": [
						{
							"name": "by name",
							"event": [
								{
									"listen": "test",
									"script": {
										"id": "867b15f3-c6a8-4703-aaec-5fee22620c12",
										"exec": [
											""
										],
										"type": "text/javascript"
									}
								}
							],
							"request": {
								"method": "GET",
								"header": [],
								"url": {
									"raw": "http://localhost:3000/4_0_0/Patient?name=John",
									"protocol": "http",
									"host": [
										"localhost"
									],
									"port": "3000",
									"path": [
										"4_0_0",
										"Patient"
									],
									"query": [
										{
											"key": "name",
											"value": "John"
										}
									]
								}
							},
							"response": []
						},
						{
							"name": "by family",
							"request": {
								"method": "GET",
								"header": [],
								"url": {
									"raw": "http://localhost:3000/4_0_0/Patient?family=Jones",
									"protocol": "http",
									"host": [
										"localhost"
									],
									"port": "3000",
									"path": [
										"4_0_0",
										"Patient"
									],
									"query": [
										{
											"key": "family",
											"value": "Jones"
										}
									]
								}
							},
							"response": []
						},
						{
							"name": "by patient-id identifer and gender",
							"request": {
								"method": "GET",
								"header": [],
								"url": {
									"raw": "http://localhost:3000/4_0_0/Patient?identifier=https://saintmartinhospital.org/patient-id|1&gender=male",
									"protocol": "http",
									"host": [
										"localhost"
									],
									"port": "3000",
									"path": [
										"4_0_0",
										"Patient"
									],
									"query": [
										{
											"key": "identifier",
											"value": "https://saintmartinhospital.org/patient-id|1"
										},
										{
											"key": "gender",
											"value": "male"
										}
									]
								}
							},
							"response": []
						},
						{
							"name": "by NI identifier",
							"request": {
								"method": "GET",
								"header": [],
								"url": {
									"raw": "http://localhost:3000/4_0_0/Patient?identifier=https://www.national-office.gov/ni|7766553",
									"protocol": "http",
									"host": [
										"localhost"
									],
									"port": "3000",
									"path": [
										"4_0_0",
										"Patient"
									],
									"query": [
										{
											"key": "identifier",
											"value": "https://www.national-office.gov/ni|7766553"
										}
									]
								}
							},
							"response": []
						},
						{
							"name": "by name and birth date",
							"request": {
								"method": "GET",
								"header": [],
								"url": {
									"raw": "http://localhost:3000/4_0_0/Patient?name=john&birthdate=1917-05-29",
									"protocol": "http",
									"host": [
										"localhost"
									],
									"port": "3000",
									"path": [
										"4_0_0",
										"Patient"
									],
									"query": [
										{
											"key": "name",
											"value": "john"
										},
										{
											"key": "birthdate",
											"value": "1917-05-29"
										}
									]
								}
							},
							"response": []
						}
					],
					"protocolProfileBehavior": {},
					"_postman_isSubFolder": true
				},
				{
					"name": "find by id",
					"item": [
						{
							"name": "find by id - found",
							"request": {
								"method": "GET",
								"header": [],
								"url": {
									"raw": "http://localhost:3000/4_0_0/Patient/3",
									"protocol": "http",
									"host": [
										"localhost"
									],
									"port": "3000",
									"path": [
										"4_0_0",
										"Patient",
										"3"
									]
								}
							},
							"response": []
						},
						{
							"name": "find by id - not found",
							"request": {
								"method": "GET",
								"header": [],
								"url": {
									"raw": "http://localhost:3000/4_0_0/Patient/412",
									"protocol": "http",
									"host": [
										"localhost"
									],
									"port": "3000",
									"path": [
										"4_0_0",
										"Patient",
										"412"
									]
								}
							},
							"response": []
						}
					],
					"protocolProfileBehavior": {},
					"_postman_isSubFolder": true
				},
				{
					"name": "create",
					"item": [
						{
							"name": "create - valid patient",
							"request": {
								"method": "POST",
								"header": [
									{
										"key": "Content-Type",
										"name": "Content-Type",
										"value": "application/fhir+json",
										"type": "text"
									}
								],
								"body": {
									"mode": "raw",
									"raw": "{\n    \"resourceType\": \"Patient\",\n\t\"text\":\n\t\t{\n\t\t\t\"status\": \"generated\",\n\t\t\t\"div\": \"<div xmlns=\\\"http://www.w3.org/1999/xhtml\\\"><p></p></div>\"\n\t\t},\n\t\"identifier\": [\n\t    {\n\t        \"use\": \"usual\",\n\t        \"system\": \"https://www.national-office.gov/ni\",\n\t        \"value\": \"77000000\",\n\t        \"period\": {\n\t            \"start\": \"2019-06-06T09:41:47-03:00\"\n\t        }\n\t    }\n\t],\n    \"name\": [\n        {\n            \"use\": \"official\",\n            \"text\": \"John Smith\",\n            \"family\": \"Smith\",\n            \"given\": [\n                \"John\"\n            ]\n        },\n        {\n            \"use\": \"nickname\",\n            \"given\": [\n                \"Johnnie\"\n            ]\n        }\n    ],\n    \"telecom\": [\n        {\n            \"system\": \"email\",\n            \"value\": \"john.cash@singers.com\"\n        }\n    ],\n    \"gender\": \"male\",\n    \"birthDate\": \"1920-12-05\"\n}"
								},
								"url": {
									"raw": "http://localhost:3000/4_0_0/Patient/",
									"protocol": "http",
									"host": [
										"localhost"
									],
									"port": "3000",
									"path": [
										"4_0_0",
										"Patient",
										""
									]
								}
							},
							"response": []
						}
					],
					"protocolProfileBehavior": {},
					"_postman_isSubFolder": true
				}
			],
			"protocolProfileBehavior": {}
		},
		{
			"name": "Metadata",
			"item": [
				{
					"name": "Server Metadata",
					"request": {
						"method": "GET",
						"header": [],
						"url": {
							"raw": ""
						}
					},
					"response": []
				}
			],
			"description": "Server metadata",
			"protocolProfileBehavior": {}
		}
	],
	"protocolProfileBehavior": {}
}