{
	"info": {
		"_postman_id": "7b0ab035-4a62-40b5-91f6-8583de29d927",
		"name": "legacy-backend",
		"schema": "https://schema.getpostman.com/json/collection/v2.1.0/collection.json"
	},
	"item": [
		{
			"name": "FHIR Patient - create",
			"item": [
				{
					"name": "create - valid patient",
					"request": {
						"method": "POST",
						"header": [
							{
								"key": "Content-Type",
								"name": "Content-Type",
								"value": "application/json",
								"type": "text"
							}
						],
						"body": {
							"mode": "raw",
							"raw": "{\n    \"resourceType\": \"Patient\",\n\t\"meta\":\n\t\t{\n\t\t\t\"profile\": [\"https://saintmartinhospital.org/fhir/StructureDefinition/Patient\"]\n\t\t},\n\t\"text\":\n\t\t{\n\t\t\t\"status\": \"generated\",\n\t\t\t\"div\": \"<div xmlns=\\\"http://www.w3.org/1999/xhtml\\\"><p>Juan Fernandez</p></div>\"\n\t\t},\n\t\"identifier\": [\n\t    {\n\t        \"use\": \"usual\",\n\t        \"system\": \"https://www.national-office.gov/ni\",\n\t        \"value\": \"776234253\",\n\t        \"period\": {\n\t            \"start\": \"2019-06-06T09:41:47-03:00\"\n\t        }\n\t    }\n\t],\n    \"name\": [\n        {\n            \"use\": \"official\",\n            \"text\": \"Juan Fernandez\",\n            \"family\": \"Fernandez\",\n            \"given\": [\n                \"Juan\",\n                \"Fernandez\"\n            ]\n        },\n        {\n            \"use\": \"nickname\",\n            \"given\": [\n                \"Juancito\"\n            ]\n        }\n    ],\n    \"telecom\": [\n        {\n            \"system\": \"email\",\n            \"value\": \"juan.fernandez@gmail.com\"\n        }\n    ],\n    \"gender\": \"male\",\n    \"birthDate\": \"1945-12-05\"\n}"
						},
						"url": {
							"raw": "localhost:8080/fhir/Patient/",
							"host": [
								"localhost"
							],
							"port": "8080",
							"path": [
								"fhir",
								"Patient",
								""
							]
						}
					},
					"response": []
				},
				{
					"name": "create - invalid patient",
					"request": {
						"method": "POST",
						"header": [
							{
								"key": "Content-Type",
								"name": "Content-Type",
								"type": "text",
								"value": "application/json"
							}
						],
						"body": {
							"mode": "raw",
							"raw": "{\n    \"resourceType\": \"Patient\",\n\t\"meta\":\n\t\t{\n\t\t\t\"profile\": [\"https://saintmartinhospital.org/fhir/StructureDefinition/Patient\"]\n\t\t},\n\t\"text\":\n\t\t{\n\t\t\t\"status\": \"generated\",\n\t\t\t\"div\": \"<div xmlns=\\\"http://www.w3.org/1999/xhtml\\\"><p>Juan Fernandez</p></div>\"\n\t\t},\n\t\"identifier\": [\n\t    {\n\t        \"use\": \"usual\",\n\t        \"system\": \"https://www.national-office.gov/ni\",\n\t        \"value\": \"776234253\",\n\t        \"period\": {\n\t            \"start\": \"2019-06-06T09:41:47-03:00\"\n\t        }\n\t    }\n\t],\n    \"name\": [\n        {\n            \"use\": \"official\",\n            \"text\": \"Juan Fernandez\",\n            \"family\": \"Fernandez\",\n            \"given\": [\n                \"Juan\",\n                \"Fernandez\"\n            ]\n        },\n        {\n            \"use\": \"nickname\",\n            \"given\": [\n                \"Juancito\"\n            ]\n        }\n    ],\n    \"gender\": \"male\",\n    \"birthDate\": \"1945-12-05\"\n}"
						},
						"url": {
							"raw": "localhost:8080/fhir/Patient/",
							"host": [
								"localhost"
							],
							"port": "8080",
							"path": [
								"fhir",
								"Patient",
								""
							]
						}
					},
					"response": []
				}
			],
			"protocolProfileBehavior": {}
		},
		{
			"name": "FHIR Patient - find by id",
			"item": [
				{
					"name": "find by id - found",
					"request": {
						"method": "GET",
						"header": [],
						"url": {
							"raw": "localhost:8080/fhir/Patient/1",
							"host": [
								"localhost"
							],
							"port": "8080",
							"path": [
								"fhir",
								"Patient",
								"1"
							]
						}
					},
					"response": []
				},
				{
					"name": "find by id - not found",
					"request": {
						"method": "GET",
						"header": [],
						"url": {
							"raw": "localhost:8080/fhir/Patient/102",
							"host": [
								"localhost"
							],
							"port": "8080",
							"path": [
								"fhir",
								"Patient",
								"102"
							]
						}
					},
					"response": []
				}
			],
			"protocolProfileBehavior": {}
		},
		{
			"name": "FHIR Patient - find by criteria",
			"item": [
				{
					"name": "by name",
					"request": {
						"method": "GET",
						"header": [],
						"url": {
							"raw": "localhost:8080/fhir/Patient?name=paul",
							"host": [
								"localhost"
							],
							"port": "8080",
							"path": [
								"fhir",
								"Patient"
							],
							"query": [
								{
									"key": "name",
									"value": "paul"
								}
							]
						}
					},
					"response": []
				},
				{
					"name": "by family",
					"request": {
						"method": "GET",
						"header": [],
						"url": {
							"raw": "localhost:8080/fhir/Patient?family=Jones",
							"host": [
								"localhost"
							],
							"port": "8080",
							"path": [
								"fhir",
								"Patient"
							],
							"query": [
								{
									"key": "family",
									"value": "Jones"
								}
							]
						}
					},
					"response": []
				},
				{
					"name": "by patient-id identifer and gender",
					"request": {
						"method": "GET",
						"header": [],
						"url": {
							"raw": "localhost:8080/fhir/Patient?identifier=https://saintmartinhospital.org/patient-id|1&gender=male",
							"host": [
								"localhost"
							],
							"port": "8080",
							"path": [
								"fhir",
								"Patient"
							],
							"query": [
								{
									"key": "identifier",
									"value": "https://saintmartinhospital.org/patient-id|1"
								},
								{
									"key": "gender",
									"value": "male"
								}
							]
						}
					},
					"response": []
				},
				{
					"name": "by NI identifier",
					"request": {
						"method": "GET",
						"header": [],
						"url": {
							"raw": "localhost:8080/fhir/Patient?identifier=https://www.national-office.gov/ni|7766553",
							"host": [
								"localhost"
							],
							"port": "8080",
							"path": [
								"fhir",
								"Patient"
							],
							"query": [
								{
									"key": "identifier",
									"value": "https://www.national-office.gov/ni|7766553"
								}
							]
						}
					},
					"response": []
				},
				{
					"name": "by name and birth date",
					"request": {
						"method": "GET",
						"header": [],
						"url": {
							"raw": "localhost:8080/fhir/Patient?name=john&birthdate=1917-05-29",
							"host": [
								"localhost"
							],
							"port": "8080",
							"path": [
								"fhir",
								"Patient"
							],
							"query": [
								{
									"key": "name",
									"value": "john"
								},
								{
									"key": "birthdate",
									"value": "1917-05-29"
								}
							]
						}
					},
					"response": []
				}
			],
			"protocolProfileBehavior": {}
		},
		{
			"name": "Legacy Person - find by id",
			"item": [
				{
					"name": "by person id - found",
					"request": {
						"method": "GET",
						"header": [],
						"url": {
							"raw": "localhost:8080/person/1",
							"host": [
								"localhost"
							],
							"port": "8080",
							"path": [
								"person",
								"1"
							]
						}
					},
					"response": []
				},
				{
					"name": "by person id - not found",
					"request": {
						"method": "GET",
						"header": [],
						"url": {
							"raw": "localhost:8080/person/102",
							"host": [
								"localhost"
							],
							"port": "8080",
							"path": [
								"person",
								"102"
							]
						}
					},
					"response": []
				}
			],
			"protocolProfileBehavior": {}
		}
	],
	"protocolProfileBehavior": {}
}