{
	"info": {
		"_postman_id": "87ddba80-a92c-4884-8e95-83ae1d51cdcd",
		"name": "FHIR INTERMEDIATE COURSE - NODE JS SERVER",
		"schema": "https://schema.getpostman.com/json/collection/v2.1.0/collection.json"
	},
	"item": [
		{
			"name": "Patient",
			"item": [
				{
					"name": "find by criteria",
					"item": [
						{
							"name": "by none",
							"request": {
								"method": "GET",
								"header": [],
								"url": {
									"raw": "{{root}}/4_0_0/Patient",
									"host": [
										"{{root}}"
									],
									"path": [
										"4_0_0",
										"Patient"
									]
								}
							},
							"response": []
						},
						{
							"name": "by name",
							"event": [
								{
									"listen": "test",
									"script": {
										"exec": [
											""
										],
										"type": "text/javascript"
									}
								}
							],
							"request": {
								"method": "GET",
								"header": [],
								"url": {
									"raw": "{{root}}/4_0_0/Patient?name=John",
									"host": [
										"{{root}}"
									],
									"path": [
										"4_0_0",
										"Patient"
									],
									"query": [
										{
											"key": "name",
											"value": "John"
										}
									]
								}
							},
							"response": []
						},
						{
							"name": "by family",
							"request": {
								"method": "GET",
								"header": [],
								"url": {
									"raw": "{{root}}/4_0_0/Patient?family=Jones",
									"host": [
										"{{root}}"
									],
									"path": [
										"4_0_0",
										"Patient"
									],
									"query": [
										{
											"key": "family",
											"value": "Jones"
										}
									]
								}
							},
							"response": []
						},
						{
							"name": "by family (paginated)",
							"request": {
								"method": "GET",
								"header": [],
								"url": {
									"raw": "{{root}}/4_0_0/Patient?name=John&_count=5&_page=2",
									"host": [
										"{{root}}"
									],
									"path": [
										"4_0_0",
										"Patient"
									],
									"query": [
										{
											"key": "name",
											"value": "John"
										},
										{
											"key": "_count",
											"value": "5"
										},
										{
											"key": "_page",
											"value": "2"
										}
									]
								}
							},
							"response": []
						},
						{
							"name": "by patient-id identifer and gender",
							"request": {
								"method": "GET",
								"header": [],
								"url": {
									"raw": "{{root}}/4_0_0/Patient?identifier=https://saintmartinhospital.org/patient-id|1&gender=male",
									"host": [
										"{{root}}"
									],
									"path": [
										"4_0_0",
										"Patient"
									],
									"query": [
										{
											"key": "identifier",
											"value": "https://saintmartinhospital.org/patient-id|1"
										},
										{
											"key": "gender",
											"value": "male"
										}
									]
								}
							},
							"response": []
						},
						{
							"name": "by NI identifier",
							"request": {
								"method": "GET",
								"header": [],
								"url": {
									"raw": "{{root}}/4_0_0/Patient?identifier=https://www.national-office.gov/ni|7766553",
									"host": [
										"{{root}}"
									],
									"path": [
										"4_0_0",
										"Patient"
									],
									"query": [
										{
											"key": "identifier",
											"value": "https://www.national-office.gov/ni|7766553"
										}
									]
								}
							},
							"response": []
						},
						{
							"name": "by name and birth date",
							"request": {
								"method": "GET",
								"header": [],
								"url": {
									"raw": "{{root}}/4_0_0/Patient?name=john&birthdate=1917-05-29",
									"host": [
										"{{root}}"
									],
									"path": [
										"4_0_0",
										"Patient"
									],
									"query": [
										{
											"key": "name",
											"value": "john"
										},
										{
											"key": "birthdate",
											"value": "1917-05-29"
										}
									]
								}
							},
							"response": []
						},
						{
							"name": "by email",
							"request": {
								"method": "GET",
								"header": [],
								"url": {
									"raw": "{{root}}/4_0_0/Patient?email=ringo.starr@beatles.uk",
									"host": [
										"{{root}}"
									],
									"path": [
										"4_0_0",
										"Patient"
									],
									"query": [
										{
											"key": "email",
											"value": "ringo.starr@beatles.uk"
										}
									]
								}
							},
							"response": []
						}
					]
				},
				{
					"name": "find by id",
					"item": [
						{
							"name": "find by id - found",
							"request": {
								"method": "GET",
								"header": [],
								"url": {
									"raw": "{{root}}/4_0_0/Patient/3",
									"host": [
										"{{root}}"
									],
									"path": [
										"4_0_0",
										"Patient",
										"3"
									]
								}
							},
							"response": []
						},
						{
							"name": "find by id - not found",
							"request": {
								"method": "GET",
								"header": [],
								"url": {
									"raw": "{{root}}/4_0_0/Patient/412",
									"host": [
										"{{root}}"
									],
									"path": [
										"4_0_0",
										"Patient",
										"412"
									]
								}
							},
							"response": []
						}
					]
				},
				{
					"name": "create",
					"item": [
						{
							"name": "create - valid patient",
							"request": {
								"method": "POST",
								"header": [
									{
										"key": "Content-Type",
										"name": "Content-Type",
										"value": "application/fhir+json",
										"type": "text"
									}
								],
								"body": {
									"mode": "raw",
									"raw": "{\n    \"resourceType\": \"Patient\",\n\t\"text\":\n\t\t{\n\t\t\t\"status\": \"generated\",\n\t\t\t\"div\": \"<div xmlns=\\\"http://www.w3.org/1999/xhtml\\\"><p></p></div>\"\n\t\t},\n\t\"identifier\": [\n\t    {\n\t        \"use\": \"usual\",\n\t        \"system\": \"https://www.national-office.gov/ni\",\n\t        \"value\": \"77000000\",\n\t        \"period\": {\n\t            \"start\": \"2019-06-06T09:41:47-03:00\"\n\t        }\n\t    }\n\t],\n    \"name\": [\n        {\n            \"use\": \"official\",\n            \"text\": \"John Smith\",\n            \"family\": \"Smith\",\n            \"given\": [\n                \"John\"\n            ]\n        },\n        {\n            \"use\": \"nickname\",\n            \"given\": [\n                \"Johnnie\"\n            ]\n        }\n    ],\n    \"telecom\": [\n        {\n            \"system\": \"email\",\n            \"value\": \"john.cash@singers.com\"\n        }\n    ],\n    \"gender\": \"male\",\n    \"birthDate\": \"1920-12-05\"\n}"
								},
								"url": {
									"raw": "{{root}}/4_0_0/Patient/",
									"host": [
										"{{root}}"
									],
									"path": [
										"4_0_0",
										"Patient",
										""
									]
								}
							},
							"response": []
						}
					]
				}
			]
		},
		{
			"name": "Metadata",
			"item": [
				{
					"name": "Server Metadata",
					"request": {
						"method": "GET",
						"header": [],
						"url": {
							"raw": "{{root}}/4_0_0/metadata",
							"host": [
								"{{root}}"
							],
							"path": [
								"4_0_0",
								"metadata"
							]
						}
					},
					"response": []
				}
			],
			"description": "Server metadata"
		},
		{
			"name": "MedicationRequest",
			"item": [
				{
					"name": "by id",
					"request": {
						"method": "GET",
						"header": [],
						"url": {
							"raw": "{{root}}/4_0_0/MedicationRequest/1",
							"host": [
								"{{root}}"
							],
							"path": [
								"4_0_0",
								"MedicationRequest",
								"1"
							]
						}
					},
					"response": []
				},
				{
					"name": "by patient and intent",
					"request": {
						"method": "GET",
						"header": [],
						"url": {
							"raw": "{{root}}/4_0_0/MedicationRequest?patient=7&intent=order,plan",
							"host": [
								"{{root}}"
							],
							"path": [
								"4_0_0",
								"MedicationRequest"
							],
							"query": [
								{
									"key": "patient",
									"value": "7"
								},
								{
									"key": "intent",
									"value": "order,plan"
								}
							]
						}
					},
					"response": []
				},
				{
					"name": "by patient, intent, and status",
					"request": {
						"method": "GET",
						"header": [],
						"url": {
							"raw": "{{root}}/4_0_0/MedicationRequest?patient=14&intent=order,plan&status=draft,on-hold",
							"host": [
								"{{root}}"
							],
							"path": [
								"4_0_0",
								"MedicationRequest"
							],
							"query": [
								{
									"key": "patient",
									"value": "14"
								},
								{
									"key": "intent",
									"value": "order,plan"
								},
								{
									"key": "status",
									"value": "draft,on-hold"
								}
							]
						}
					},
					"response": []
				}
			]
		},
		{
			"name": "Practitioner",
			"item": [
				{
					"name": "find by criteria",
					"item": [
						{
							"name": "by name",
							"request": {
								"method": "GET",
								"header": [],
								"url": {
									"raw": "{{root}}/4_0_0/Practitioner?name=John",
									"host": [
										"{{root}}"
									],
									"path": [
										"4_0_0",
										"Practitioner"
									],
									"query": [
										{
											"key": "name",
											"value": "John"
										}
									]
								}
							},
							"response": []
						},
						{
							"name": "by family",
							"request": {
								"method": "GET",
								"header": [],
								"url": {
									"raw": "{{root}}/4_0_0/Practitioner?family=McEnroe",
									"host": [
										"{{root}}"
									],
									"path": [
										"4_0_0",
										"Practitioner"
									],
									"query": [
										{
											"key": "family",
											"value": "McEnroe"
										}
									]
								}
							},
							"response": []
						},
						{
							"name": "by patient-id identifer and gender",
							"request": {
								"method": "GET",
								"header": [],
								"url": {
									"raw": "{{root}}/4_0_0/Practitioner?identifier=https://saintmartinhospital.org/patient-id|10&gender=male",
									"host": [
										"{{root}}"
									],
									"path": [
										"4_0_0",
										"Practitioner"
									],
									"query": [
										{
											"key": "identifier",
											"value": "https://saintmartinhospital.org/patient-id|10"
										},
										{
											"key": "gender",
											"value": "male"
										}
									]
								}
							},
							"response": []
						},
						{
							"name": "by NPI identifier",
							"request": {
								"method": "GET",
								"header": [],
								"url": {
									"raw": "{{root}}/4_0_0/Practitioner?identifier=http://hl7.org.fhir/sid/us-npi|2",
									"host": [
										"{{root}}"
									],
									"path": [
										"4_0_0",
										"Practitioner"
									],
									"query": [
										{
											"key": "identifier",
											"value": "http://hl7.org.fhir/sid/us-npi|2"
										}
									]
								}
							},
							"response": []
						},
						{
							"name": "by name and birth date",
							"request": {
								"method": "GET",
								"header": [],
								"url": {
									"raw": "{{root}}/4_0_0/Practitioner?name=patrick&birthdate=1959-02-16",
									"host": [
										"{{root}}"
									],
									"path": [
										"4_0_0",
										"Practitioner"
									],
									"query": [
										{
											"key": "name",
											"value": "patrick"
										},
										{
											"key": "birthdate",
											"value": "1959-02-16"
										}
									]
								}
							},
							"response": []
						},
						{
							"name": "by email",
							"request": {
								"method": "GET",
								"header": [],
								"url": {
									"raw": "{{root}}/4_0_0/Practitioner?email=john.entwistle@thewho.uk",
									"host": [
										"{{root}}"
									],
									"path": [
										"4_0_0",
										"Practitioner"
									],
									"query": [
										{
											"key": "email",
											"value": "john.entwistle@thewho.uk"
										}
									]
								}
							},
							"response": []
						}
					]
				},
				{
					"name": "find by id",
					"item": [
						{
							"name": "find by id - found",
							"request": {
								"method": "GET",
								"header": [],
								"url": {
									"raw": "{{root}}/4_0_0/Practitioner/1",
									"host": [
										"{{root}}"
									],
									"path": [
										"4_0_0",
										"Practitioner",
										"1"
									]
								}
							},
							"response": []
						},
						{
							"name": "find by id - not found",
							"request": {
								"method": "GET",
								"header": [],
								"url": {
									"raw": "{{root}}/4_0_0/Practitioner/412",
									"host": [
										"{{root}}"
									],
									"path": [
										"4_0_0",
										"Practitioner",
										"412"
									]
								}
							},
							"response": []
						}
					]
				}
			]
		}
	],
	"variable": [
		{
			"key": "root",
			"value": "http://localhost:3000"
		}
	]
}