{
  "SystemMap": [
    {
      "type": "NI",
      "system": "https://www.national-office.gov/ni",
      "use": "usual"
    },
    {
      "type": "PP",
      "system": "https://www.foreign-affairs.gov/pp",
      "use": "usual"
    },
    {
      "type": "ID",
      "system": "https://saintmartinhospital.org/patient-id",
      "use": "official"
    },
    {
      "type": "NPI",
      "system": "http://hl7.org.fhir/sid/us-npi",
      "use": "official"
    }
  ],
  "HospitalIdentifierUrl": "https://saintmartinhospital.org/patient-id"
}
