<?xml version="1.0" encoding="utf-8"?>
<StructureDefinition xmlns="http://hl7.org/fhir">
  <url value="https://saintmartinhospital.org/fhir/StructureDefinition/MedicationRequest" />
  <name value="SaintMartinHospitalMedicationRequest" />
  <status value="draft" />
  <fhirVersion value="4.0.0" />
  <mapping>
    <identity value="workflow" />
    <uri value="http://hl7.org/fhir/workflow" />
    <name value="Workflow Pattern" />
  </mapping>
  <mapping>
    <identity value="script10.6" />
    <uri value="http://ncpdp.org/SCRIPT10_6" />
    <name value="Mapping to NCPDP SCRIPT 10.6" />
  </mapping>
  <mapping>
    <identity value="rim" />
    <uri value="http://hl7.org/v3" />
    <name value="RIM Mapping" />
  </mapping>
  <mapping>
    <identity value="w5" />
    <uri value="http://hl7.org/fhir/fivews" />
    <name value="FiveWs Pattern Mapping" />
  </mapping>
  <mapping>
    <identity value="v2" />
    <uri value="http://hl7.org/v2" />
    <name value="HL7 v2 Mapping" />
  </mapping>
  <kind value="resource" />
  <abstract value="false" />
  <type value="MedicationRequest" />
  <baseDefinition value="http://hl7.org/fhir/StructureDefinition/MedicationRequest" />
  <derivation value="constraint" />
  <differential>
    <element id="MedicationRequest.statusReason">
      <path value="MedicationRequest.statusReason" />
      <max value="0" />
    </element>
    <element id="MedicationRequest.category">
      <path value="MedicationRequest.category" />
      <max value="0" />
    </element>
    <element id="MedicationRequest.priority">
      <path value="MedicationRequest.priority" />
      <max value="0" />
    </element>
    <element id="MedicationRequest.doNotPerform">
      <path value="MedicationRequest.doNotPerform" />
      <max value="0" />
    </element>
    <element id="MedicationRequest.reported[x]">
      <path value="MedicationRequest.reported[x]" />
      <max value="0" />
    </element>
    <element id="MedicationRequest.subject.reference">
      <path value="MedicationRequest.subject.reference" />
      <min value="1" />
    </element>
    <element id="MedicationRequest.encounter">
      <path value="MedicationRequest.encounter" />
      <max value="0" />
    </element>
    <element id="MedicationRequest.supportingInformation">
      <path value="MedicationRequest.supportingInformation" />
      <max value="0" />
    </element>
    <element id="MedicationRequest.authoredOn">
      <path value="MedicationRequest.authoredOn" />
      <max value="0" />
    </element>
    <element id="MedicationRequest.requester">
      <path value="MedicationRequest.requester" />
      <max value="0" />
    </element>
    <element id="MedicationRequest.performer">
      <path value="MedicationRequest.performer" />
      <max value="0" />
    </element>
    <element id="MedicationRequest.performerType">
      <path value="MedicationRequest.performerType" />
      <max value="0" />
    </element>
    <element id="MedicationRequest.recorder">
      <path value="MedicationRequest.recorder" />
      <max value="0" />
    </element>
    <element id="MedicationRequest.reasonCode">
      <path value="MedicationRequest.reasonCode" />
      <max value="0" />
    </element>
    <element id="MedicationRequest.reasonReference">
      <path value="MedicationRequest.reasonReference" />
      <max value="0" />
    </element>
    <element id="MedicationRequest.instantiatesCanonical">
      <path value="MedicationRequest.instantiatesCanonical" />
      <max value="0" />
    </element>
    <element id="MedicationRequest.instantiatesUri">
      <path value="MedicationRequest.instantiatesUri" />
      <max value="0" />
    </element>
    <element id="MedicationRequest.basedOn">
      <path value="MedicationRequest.basedOn" />
      <max value="0" />
    </element>
    <element id="MedicationRequest.groupIdentifier">
      <path value="MedicationRequest.groupIdentifier" />
      <max value="0" />
    </element>
    <element id="MedicationRequest.courseOfTherapyType">
      <path value="MedicationRequest.courseOfTherapyType" />
      <max value="0" />
    </element>
    <element id="MedicationRequest.insurance">
      <path value="MedicationRequest.insurance" />
      <max value="0" />
    </element>
    <element id="MedicationRequest.note">
      <path value="MedicationRequest.note" />
      <max value="0" />
    </element>
    <element id="MedicationRequest.dosageInstruction">
      <path value="MedicationRequest.dosageInstruction" />
	  <min value="1" />
      <max value="1" />
    </element>
    <element id="MedicationRequest.dispenseRequest">
      <path value="MedicationRequest.dispenseRequest" />
      <max value="0" />
    </element>
    <element id="MedicationRequest.substitution">
      <path value="MedicationRequest.substitution" />
      <max value="0" />
    </element>
    <element id="MedicationRequest.priorPrescription">
      <path value="MedicationRequest.priorPrescription" />
      <max value="0" />
    </element>
    <element id="MedicationRequest.detectedIssue">
      <path value="MedicationRequest.detectedIssue" />
      <max value="0" />
    </element>
    <element id="MedicationRequest.eventHistory">
      <path value="MedicationRequest.eventHistory" />
      <max value="0" />
    </element>
  </differential>
</StructureDefinition>