<?xml version="1.0" encoding="utf-8"?>
<StructureDefinition xmlns="http://hl7.org/fhir">
  <url value="https://saintmartinhospital.org/fhir/StructureDefinition/Medication" />
  <name value="SaintMartinHospitalMedication" />
  <status value="draft" />
  <fhirVersion value="4.0.0" />
  <mapping>
    <identity value="script10.6" />
    <uri value="http://ncpdp.org/SCRIPT10_6" />
    <name value="Mapping to NCPDP SCRIPT 10.6" />
  </mapping>
  <mapping>
    <identity value="rim" />
    <uri value="http://hl7.org/v3" />
    <name value="RIM Mapping" />
  </mapping>
  <mapping>
    <identity value="w5" />
    <uri value="http://hl7.org/fhir/fivews" />
    <name value="FiveWs Pattern Mapping" />
  </mapping>
  <mapping>
    <identity value="v2" />
    <uri value="http://hl7.org/v2" />
    <name value="HL7 v2 Mapping" />
  </mapping>
  <kind value="resource" />
  <abstract value="false" />
  <type value="Medication" />
  <baseDefinition value="http://hl7.org/fhir/StructureDefinition/Medication" />
  <derivation value="constraint" />
  <differential>
    <element id="Medication.identifier">
      <path value="Medication.identifier" />
      <max value="1" />
    </element>
    <element id="Medication.code.coding">
      <path value="Medication.code.coding" />
      <min value="1" />
      <max value="1" />
    </element>
    <element id="Medication.status">
      <path value="Medication.status" />
      <max value="0" />
    </element>
    <element id="Medication.manufacturer">
      <path value="Medication.manufacturer" />
      <max value="0" />
    </element>
    <element id="Medication.form">
      <path value="Medication.form" />
      <max value="0" />
    </element>
    <element id="Medication.amount">
      <path value="Medication.amount" />
      <max value="0" />
    </element>
    <element id="Medication.ingredient">
      <path value="Medication.ingredient" />
      <max value="0" />
    </element>
    <element id="Medication.batch">
      <path value="Medication.batch" />
      <max value="0" />
    </element>
  </differential>
</StructureDefinition>