{
  "name": "ma_s01",
  "version": "1.0.0",
  "lockfileVersion": 1,
  "requires": true,
  "dependencies": {
    "@ahryman40k/ts-fhir-types": {
      "version": "4.0.25",
      "resolved": "https://registry.npmjs.org/@ahryman40k/ts-fhir-types/-/ts-fhir-types-4.0.25.tgz",
      "integrity": "sha512-CceI1T/opTk728IXQ7oJlzOvQXUtBzqwyGnCpe3vyBErV6s73wMR9ZjKUPEfMTPpUxH9yuDEgZv4gBXGX1Uz9Q==",
      "requires": {
        "io-ts": "<2.0.0",
        "reflect-metadata": "^0.1.13"
      }
    },
    "@types/fhir": {
      "version": "0.0.30",
      "resolved": "https://registry.npmjs.org/@types/fhir/-/fhir-0.0.30.tgz",
      "integrity": "sha512-vDU62tUFeAYBVQThiWAfGd6D25TiLLDDS5pV19vim52FLpwWTBliLMvotbF4D/U+BmjxBKIuHGZgFnoh/HtV5g=="
    },
    "accepts": {
      "version": "1.3.7",
      "resolved": "https://registry.npmjs.org/accepts/-/accepts-1.3.7.tgz",
      "integrity": "sha512-Il80Qs2WjYlJIBNzNkK6KYqlVMTbZLXgHx2oT0pU/fjRHyEp+PEfEPY0R3WCwAGVOtauxh1hOxNgIf5bv7dQpA==",
      "requires": {
        "mime-types": "~2.1.24",
        "negotiator": "0.6.2"
      }
    },
    "agentkeepalive": {
      "version": "4.1.0",
      "resolved": "https://registry.npmjs.org/agentkeepalive/-/agentkeepalive-4.1.0.tgz",
      "integrity": "sha512-CW/n1wxF8RpEuuiq6Vbn9S8m0VSYDMnZESqaJ6F2cWN9fY8rei2qaxweIaRgq+ek8TqfoFIsUjaGNKGGEHElSg==",
      "requires": {
        "debug": "^4.1.0",
        "depd": "^1.1.2",
        "humanize-ms": "^1.2.1"
      },
      "dependencies": {
        "debug": {
          "version": "4.1.1",
          "resolved": "https://registry.npmjs.org/debug/-/debug-4.1.1.tgz",
          "integrity": "sha512-pYAIzeRo8J6KPEaJ0VWOh5Pzkbw/RetuzehGM7QRRX5he4fPHx2rdKMB256ehJCkX+XRQm16eZLqLNS8RSZXZw==",
          "requires": {
            "ms": "^2.1.1"
          }
        },
        "ms": {
          "version": "2.1.2",
          "resolved": "https://registry.npmjs.org/ms/-/ms-2.1.2.tgz",
          "integrity": "sha512-sGkPx+VjMtmA6MX27oA4FBFELFCZZ4S4XqeGOXCv68tT+jb3vk/RyaKWP0PTKyWtmLSM0b+adUTEvbs1PEaH2w=="
        }
      }
    },
    "ajv": {
      "version": "6.12.0",
      "resolved": "https://registry.npmjs.org/ajv/-/ajv-6.12.0.tgz",
      "integrity": "sha512-D6gFiFA0RRLyUbvijN74DWAjXSFxWKaWP7mldxkVhyhAV3+SWA9HEJPHQ2c9soIeTFJqcSdFDGFgdqs1iUU2Hw==",
      "requires": {
        "fast-deep-equal": "^3.1.1",
        "fast-json-stable-stringify": "^2.0.0",
        "json-schema-traverse": "^0.4.1",
        "uri-js": "^4.2.2"
      }
    },
    "array-flatten": {
      "version": "1.1.1",
      "resolved": "https://registry.npmjs.org/array-flatten/-/array-flatten-1.1.1.tgz",
      "integrity": "sha1-ml9pkFGx5wczKPKgCJaLZOopVdI="
    },
    "asn1": {
      "version": "0.2.4",
      "resolved": "https://registry.npmjs.org/asn1/-/asn1-0.2.4.tgz",
      "integrity": "sha512-jxwzQpLQjSmWXgwaCZE9Nz+glAG01yF1QnWgbhGwHI5A6FRIEY6IVqtHhIepHqI7/kyEyQEagBC5mBEFlIYvdg==",
      "requires": {
        "safer-buffer": "~2.1.0"
      }
    },
    "assert-plus": {
      "version": "1.0.0",
      "resolved": "https://registry.npmjs.org/assert-plus/-/assert-plus-1.0.0.tgz",
      "integrity": "sha1-8S4PPF13sLHN2RRpQuTpbB5N1SU="
    },
    "asynckit": {
      "version": "0.4.0",
      "resolved": "https://registry.npmjs.org/asynckit/-/asynckit-0.4.0.tgz",
      "integrity": "sha1-x57Zf380y48robyXkLzDZkdLS3k="
    },
    "aws-sign2": {
      "version": "0.7.0",
      "resolved": "https://registry.npmjs.org/aws-sign2/-/aws-sign2-0.7.0.tgz",
      "integrity": "sha1-tG6JCTSpWR8tL2+G1+ap8bP+dqg="
    },
    "aws4": {
      "version": "1.9.1",
      "resolved": "https://registry.npmjs.org/aws4/-/aws4-1.9.1.tgz",
      "integrity": "sha512-wMHVg2EOHaMRxbzgFJ9gtjOOCrI80OHLG14rxi28XwOW8ux6IiEbRCGGGqCtdAIg4FQCbW20k9RsT4y3gJlFug=="
    },
    "axios": {
      "version": "0.19.2",
      "resolved": "https://registry.npmjs.org/axios/-/axios-0.19.2.tgz",
      "integrity": "sha512-fjgm5MvRHLhx+osE2xoekY70AhARk3a6hkN+3Io1jc00jtquGvxYlKlsFUhmUET0V5te6CcZI7lcv2Ym61mjHA==",
      "requires": {
        "follow-redirects": "1.5.10"
      }
    },
    "bcrypt-pbkdf": {
      "version": "1.0.2",
      "resolved": "https://registry.npmjs.org/bcrypt-pbkdf/-/bcrypt-pbkdf-1.0.2.tgz",
      "integrity": "sha1-pDAdOJtqQ/m2f/PKEaP2Y342Dp4=",
      "requires": {
        "tweetnacl": "^0.14.3"
      }
    },
    "bent": {
      "version": "7.1.0",
      "resolved": "https://registry.npmjs.org/bent/-/bent-7.1.0.tgz",
      "integrity": "sha512-oTkDz8lBsk+HQjJPVeHHejkse/PDaTFwTFVasoR1V3XEQw23KKdfNvRln3M9++qipIBObqVyhsvSGuquFebDvQ==",
      "requires": {
        "bytesish": "^0.4.1",
        "caseless": "~0.12.0",
        "is-stream": "^2.0.0"
      }
    },
    "body-parser": {
      "version": "1.19.0",
      "resolved": "https://registry.npmjs.org/body-parser/-/body-parser-1.19.0.tgz",
      "integrity": "sha512-dhEPs72UPbDnAQJ9ZKMNTP6ptJaionhP5cBb541nXPlW60Jepo9RV/a4fX4XWW9CuFNK22krhrj1+rgzifNCsw==",
      "requires": {
        "bytes": "3.1.0",
        "content-type": "~1.0.4",
        "debug": "2.6.9",
        "depd": "~1.1.2",
        "http-errors": "1.7.2",
        "iconv-lite": "0.4.24",
        "on-finished": "~2.3.0",
        "qs": "6.7.0",
        "raw-body": "2.4.0",
        "type-is": "~1.6.17"
      }
    },
    "btoa": {
      "version": "1.2.1",
      "resolved": "https://registry.npmjs.org/btoa/-/btoa-1.2.1.tgz",
      "integrity": "sha512-SB4/MIGlsiVkMcHmT+pSmIPoNDoHg+7cMzmt3Uxt628MTz2487DKSqK/fuhFBrkuqrYv5UCEnACpF4dTFNKc/g=="
    },
    "bytes": {
      "version": "3.1.0",
      "resolved": "https://registry.npmjs.org/bytes/-/bytes-3.1.0.tgz",
      "integrity": "sha512-zauLjrfCG+xvoyaqLoV8bLVXXNGC4JqlxFCutSDWA6fJrTo2ZuvLYTqZ7aHBLZSMOopbzwv8f+wZcVzfVTI2Dg=="
    },
    "bytesish": {
      "version": "0.4.1",
      "resolved": "https://registry.npmjs.org/bytesish/-/bytesish-0.4.1.tgz",
      "integrity": "sha512-j3l5QmnAbpOfcN/Z2Jcv4poQYfefs8rDdcbc6iEKm+OolvUXAE2APodpWj+DOzqX6Bl5Ys1cQkcIV2/doGvQxg=="
    },
    "caseless": {
      "version": "0.12.0",
      "resolved": "https://registry.npmjs.org/caseless/-/caseless-0.12.0.tgz",
      "integrity": "sha1-G2gcIf+EAzyCZUMJBolCDRhxUdw="
    },
    "combined-stream": {
      "version": "1.0.8",
      "resolved": "https://registry.npmjs.org/combined-stream/-/combined-stream-1.0.8.tgz",
      "integrity": "sha512-FQN4MRfuJeHf7cBbBMJFXhKSDq+2kAArBlmRBvcvFE5BB1HZKXtSFASDhdlz9zOYwxh8lDdnvmMOe/+5cdoEdg==",
      "requires": {
        "delayed-stream": "~1.0.0"
      }
    },
    "content-disposition": {
      "version": "0.5.3",
      "resolved": "https://registry.npmjs.org/content-disposition/-/content-disposition-0.5.3.tgz",
      "integrity": "sha512-ExO0774ikEObIAEV9kDo50o+79VCUdEB6n6lzKgGwupcVeRlhrj3qGAfwq8G6uBJjkqLrhT0qEYFcWng8z1z0g==",
      "requires": {
        "safe-buffer": "5.1.2"
      }
    },
    "content-type": {
      "version": "1.0.4",
      "resolved": "https://registry.npmjs.org/content-type/-/content-type-1.0.4.tgz",
      "integrity": "sha512-hIP3EEPs8tB9AT1L+NUqtwOAps4mk2Zob89MWXMHjHWg9milF/j4osnnQLXBCBFBk/tvIG/tUc9mOUJiPBhPXA=="
    },
    "cookie": {
      "version": "0.4.0",
      "resolved": "https://registry.npmjs.org/cookie/-/cookie-0.4.0.tgz",
      "integrity": "sha512-+Hp8fLp57wnUSt0tY0tHEXh4voZRDnoIrZPqlo3DPiI4y9lwg/jqx+1Om94/W6ZaPDOUbnjOt/99w66zk+l1Xg=="
    },
    "cookie-signature": {
      "version": "1.0.6",
      "resolved": "https://registry.npmjs.org/cookie-signature/-/cookie-signature-1.0.6.tgz",
      "integrity": "sha1-4wOogrNCzD7oylE6eZmXNNqzriw="
    },
    "core-util-is": {
      "version": "1.0.2",
      "resolved": "https://registry.npmjs.org/core-util-is/-/core-util-is-1.0.2.tgz",
      "integrity": "sha1-tf1UIgqivFq1eqtxQMlAdUUDwac="
    },
    "cross-fetch": {
      "version": "3.0.4",
      "resolved": "https://registry.npmjs.org/cross-fetch/-/cross-fetch-3.0.4.tgz",
      "integrity": "sha512-MSHgpjQqgbT/94D4CyADeNoYh52zMkCX4pcJvPP5WqPsLFMKjr2TCMg381ox5qI0ii2dPwaLx/00477knXqXVw==",
      "requires": {
        "node-fetch": "2.6.0",
        "whatwg-fetch": "3.0.0"
      }
    },
    "dashdash": {
      "version": "1.14.1",
      "resolved": "https://registry.npmjs.org/dashdash/-/dashdash-1.14.1.tgz",
      "integrity": "sha1-hTz6D3y+L+1d4gMmuN1YEDX24vA=",
      "requires": {
        "assert-plus": "^1.0.0"
      }
    },
    "debug": {
      "version": "2.6.9",
      "resolved": "https://registry.npmjs.org/debug/-/debug-2.6.9.tgz",
      "integrity": "sha512-bC7ElrdJaJnPbAP+1EotYvqZsb3ecl5wi6Bfi6BJTUcNowp6cvspg0jXznRTKDjm/E7AdgFBVeAPVMNcKGsHMA==",
      "requires": {
        "ms": "2.0.0"
      }
    },
    "decode-uri-component": {
      "version": "0.2.0",
      "resolved": "https://registry.npmjs.org/decode-uri-component/-/decode-uri-component-0.2.0.tgz",
      "integrity": "sha1-6zkTMzRYd1y4TNGh+uBiEGu4dUU="
    },
    "delayed-stream": {
      "version": "1.0.0",
      "resolved": "https://registry.npmjs.org/delayed-stream/-/delayed-stream-1.0.0.tgz",
      "integrity": "sha1-3zrhmayt+31ECqrgsp4icrJOxhk="
    },
    "depd": {
      "version": "1.1.2",
      "resolved": "https://registry.npmjs.org/depd/-/depd-1.1.2.tgz",
      "integrity": "sha1-m81S4UwJd2PnSbJ0xDRu0uVgtak="
    },
    "destroy": {
      "version": "1.0.4",
      "resolved": "https://registry.npmjs.org/destroy/-/destroy-1.0.4.tgz",
      "integrity": "sha1-l4hXRCxEdJ5CBmE+N5RiBYJqvYA="
    },
    "ecc-jsbn": {
      "version": "0.1.2",
      "resolved": "https://registry.npmjs.org/ecc-jsbn/-/ecc-jsbn-0.1.2.tgz",
      "integrity": "sha1-OoOpBOVDUyh4dMVkt1SThoSamMk=",
      "requires": {
        "jsbn": "~0.1.0",
        "safer-buffer": "^2.1.0"
      }
    },
    "ee-first": {
      "version": "1.1.1",
      "resolved": "https://registry.npmjs.org/ee-first/-/ee-first-1.1.1.tgz",
      "integrity": "sha1-WQxhFWsK4vTwJVcyoViyZrxWsh0="
    },
    "encodeurl": {
      "version": "1.0.2",
      "resolved": "https://registry.npmjs.org/encodeurl/-/encodeurl-1.0.2.tgz",
      "integrity": "sha1-rT/0yG7C0CkyL1oCw6mmBslbP1k="
    },
    "es6-promise": {
      "version": "4.2.8",
      "resolved": "https://registry.npmjs.org/es6-promise/-/es6-promise-4.2.8.tgz",
      "integrity": "sha512-HJDGx5daxeIvxdBxvG2cb9g4tEvwIk3i8+nhX0yGrYmZUzbkdg8QbDevheDB8gd0//uPj4c1EQua8Q+MViT0/w=="
    },
    "escape-html": {
      "version": "1.0.3",
      "resolved": "https://registry.npmjs.org/escape-html/-/escape-html-1.0.3.tgz",
      "integrity": "sha1-Aljq5NPQwJdN4cFpGI7wBR0dGYg="
    },
    "etag": {
      "version": "1.8.1",
      "resolved": "https://registry.npmjs.org/etag/-/etag-1.8.1.tgz",
      "integrity": "sha1-Qa4u62XvpiJorr/qg6x9eSmbCIc="
    },
    "express": {
      "version": "4.17.1",
      "resolved": "https://registry.npmjs.org/express/-/express-4.17.1.tgz",
      "integrity": "sha512-mHJ9O79RqluphRrcw2X/GTh3k9tVv8YcoyY4Kkh4WDMUYKRZUq0h1o0w2rrrxBqM7VoeUVqgb27xlEMXTnYt4g==",
      "requires": {
        "accepts": "~1.3.7",
        "array-flatten": "1.1.1",
        "body-parser": "1.19.0",
        "content-disposition": "0.5.3",
        "content-type": "~1.0.4",
        "cookie": "0.4.0",
        "cookie-signature": "1.0.6",
        "debug": "2.6.9",
        "depd": "~1.1.2",
        "encodeurl": "~1.0.2",
        "escape-html": "~1.0.3",
        "etag": "~1.8.1",
        "finalhandler": "~1.1.2",
        "fresh": "0.5.2",
        "merge-descriptors": "1.0.1",
        "methods": "~1.1.2",
        "on-finished": "~2.3.0",
        "parseurl": "~1.3.3",
        "path-to-regexp": "0.1.7",
        "proxy-addr": "~2.0.5",
        "qs": "6.7.0",
        "range-parser": "~1.2.1",
        "safe-buffer": "5.1.2",
        "send": "0.17.1",
        "serve-static": "1.14.1",
        "setprototypeof": "1.1.1",
        "statuses": "~1.5.0",
        "type-is": "~1.6.18",
        "utils-merge": "1.0.1",
        "vary": "~1.1.2"
      }
    },
    "extend": {
      "version": "3.0.2",
      "resolved": "https://registry.npmjs.org/extend/-/extend-3.0.2.tgz",
      "integrity": "sha512-fjquC59cD7CyW6urNXK0FBufkZcoiGG80wTuPujX590cB5Ttln20E2UB4S/WARVqhXffZl2LNgS+gQdPIIim/g=="
    },
    "extsprintf": {
      "version": "1.3.0",
      "resolved": "https://registry.npmjs.org/extsprintf/-/extsprintf-1.3.0.tgz",
      "integrity": "sha1-lpGEQOMEGnpBT4xS48V06zw+HgU="
    },
    "fast-deep-equal": {
      "version": "3.1.1",
      "resolved": "https://registry.npmjs.org/fast-deep-equal/-/fast-deep-equal-3.1.1.tgz",
      "integrity": "sha512-8UEa58QDLauDNfpbrX55Q9jrGHThw2ZMdOky5Gl1CDtVeJDPVrG4Jxx1N8jw2gkWaff5UUuX1KJd+9zGe2B+ZA=="
    },
    "fast-json-stable-stringify": {
      "version": "2.1.0",
      "resolved": "https://registry.npmjs.org/fast-json-stable-stringify/-/fast-json-stable-stringify-2.1.0.tgz",
      "integrity": "sha512-lhd/wF+Lk98HZoTCtlVraHtfh5XYijIjalXck7saUtuanSDyLMxnHhSXEDJqHxD7msR8D0uCmqlkwjCV8xvwHw=="
    },
    "fhir-kit-client": {
      "version": "1.4.2",
      "resolved": "https://registry.npmjs.org/fhir-kit-client/-/fhir-kit-client-1.4.2.tgz",
      "integrity": "sha512-nUg1207uxPp0Qt4rADHWHfOW4muyYkZGttM3UiJk4ji62ec3ciWiN98thUlhjRKi5eztQqJyuxYeXJt8veSJhA==",
      "requires": {
        "agentkeepalive": "^4.0.2",
        "cross-fetch": "^3.0.4",
        "debug": "^3.1.0",
        "es6-promise": "^4.2.4",
        "flatted": "^2.0.1",
        "query-string": "^6.2.0",
        "universal-url": "^1.0.1"
      },
      "dependencies": {
        "debug": {
          "version": "3.2.6",
          "resolved": "https://registry.npmjs.org/debug/-/debug-3.2.6.tgz",
          "integrity": "sha512-mel+jf7nrtEl5Pn1Qx46zARXKDpBbvzezse7p7LqINmdoIk8PYP5SySaxEmYv6TZ0JyEKA1hsCId6DIhgITtWQ==",
          "requires": {
            "ms": "^2.1.1"
          }
        },
        "ms": {
          "version": "2.1.2",
          "resolved": "https://registry.npmjs.org/ms/-/ms-2.1.2.tgz",
          "integrity": "sha512-sGkPx+VjMtmA6MX27oA4FBFELFCZZ4S4XqeGOXCv68tT+jb3vk/RyaKWP0PTKyWtmLSM0b+adUTEvbs1PEaH2w=="
        }
      }
    },
    "fhir.js": {
      "version": "0.0.22",
      "resolved": "https://registry.npmjs.org/fhir.js/-/fhir.js-0.0.22.tgz",
      "integrity": "sha512-+DUoaVMhxiDC53VTl41cBoJnp3NGaGQhQCi7HtXnGlfci5pmr8hQTYfd0axCVmKCrN5I28+/nhC8ANv2hVLFUg==",
      "requires": {
        "@types/fhir": "0.0.30",
        "Base64": "~0.3.0",
        "merge": "^1.2.1",
        "q": "^1.4.1",
        "request": "^2.88.0"
      },
      "dependencies": {
        "Base64": {
          "version": "0.3.0",
          "resolved": "https://registry.npmjs.org/Base64/-/Base64-0.3.0.tgz",
          "integrity": "sha1-baJhpOgNT6D1xoQlTlvM0Wu9zp8="
        }
      }
    },
    "finalhandler": {
      "version": "1.1.2",
      "resolved": "https://registry.npmjs.org/finalhandler/-/finalhandler-1.1.2.tgz",
      "integrity": "sha512-aAWcW57uxVNrQZqFXjITpW3sIUQmHGG3qSb9mUah9MgMC4NeWhNOlNjXEYq3HjRAvL6arUviZGGJsBg6z0zsWA==",
      "requires": {
        "debug": "2.6.9",
        "encodeurl": "~1.0.2",
        "escape-html": "~1.0.3",
        "on-finished": "~2.3.0",
        "parseurl": "~1.3.3",
        "statuses": "~1.5.0",
        "unpipe": "~1.0.0"
      }
    },
    "flatted": {
      "version": "2.0.1",
      "resolved": "https://registry.npmjs.org/flatted/-/flatted-2.0.1.tgz",
      "integrity": "sha512-a1hQMktqW9Nmqr5aktAux3JMNqaucxGcjtjWnZLHX7yyPCmlSV3M54nGYbqT8K+0GhF3NBgmJCc3ma+WOgX8Jg=="
    },
    "follow-redirects": {
      "version": "1.5.10",
      "resolved": "https://registry.npmjs.org/follow-redirects/-/follow-redirects-1.5.10.tgz",
      "integrity": "sha512-0V5l4Cizzvqt5D44aTXbFZz+FtyXV1vrDN6qrelxtfYQKW0KO0W2T/hkE8xvGa/540LkZlkaUjO4ailYTFtHVQ==",
      "requires": {
        "debug": "=3.1.0"
      },
      "dependencies": {
        "debug": {
          "version": "3.1.0",
          "resolved": "https://registry.npmjs.org/debug/-/debug-3.1.0.tgz",
          "integrity": "sha512-OX8XqP7/1a9cqkxYw2yXss15f26NKWBpDXQd0/uK/KPqdQhxbPa994hnzjcE2VqQpDslf55723cKPUOGSmMY3g==",
          "requires": {
            "ms": "2.0.0"
          }
        }
      }
    },
    "forever-agent": {
      "version": "0.6.1",
      "resolved": "https://registry.npmjs.org/forever-agent/-/forever-agent-0.6.1.tgz",
      "integrity": "sha1-+8cfDEGt6zf5bFd60e1C2P2sypE="
    },
    "form-data": {
      "version": "2.3.3",
      "resolved": "https://registry.npmjs.org/form-data/-/form-data-2.3.3.tgz",
      "integrity": "sha512-1lLKB2Mu3aGP1Q/2eCOx0fNbRMe7XdwktwOruhfqqd0rIJWwN4Dh+E3hrPSlDCXnSR7UtZ1N38rVXm+6+MEhJQ==",
      "requires": {
        "asynckit": "^0.4.0",
        "combined-stream": "^1.0.6",
        "mime-types": "^2.1.12"
      }
    },
    "forwarded": {
      "version": "0.1.2",
      "resolved": "https://registry.npmjs.org/forwarded/-/forwarded-0.1.2.tgz",
      "integrity": "sha1-mMI9qxF1ZXuMBXPozszZGw/xjIQ="
    },
    "fp-ts": {
      "version": "1.19.5",
      "resolved": "https://registry.npmjs.org/fp-ts/-/fp-ts-1.19.5.tgz",
      "integrity": "sha512-wDNqTimnzs8QqpldiId9OavWK2NptormjXnRJTQecNjzwfyp6P/8s/zG8e4h3ja3oqkKaY72UlTjQYt/1yXf9A=="
    },
    "fresh": {
      "version": "0.5.2",
      "resolved": "https://registry.npmjs.org/fresh/-/fresh-0.5.2.tgz",
      "integrity": "sha1-PYyt2Q2XZWn6g1qx+OSyOhBWBac="
    },
    "getpass": {
      "version": "0.1.7",
      "resolved": "https://registry.npmjs.org/getpass/-/getpass-0.1.7.tgz",
      "integrity": "sha1-Xv+OPmhNVprkyysSgmBOi6YhSfo=",
      "requires": {
        "assert-plus": "^1.0.0"
      }
    },
    "har-schema": {
      "version": "2.0.0",
      "resolved": "https://registry.npmjs.org/har-schema/-/har-schema-2.0.0.tgz",
      "integrity": "sha1-qUwiJOvKwEeCoNkDVSHyRzW37JI="
    },
    "har-validator": {
      "version": "5.1.3",
      "resolved": "https://registry.npmjs.org/har-validator/-/har-validator-5.1.3.tgz",
      "integrity": "sha512-sNvOCzEQNr/qrvJgc3UG/kD4QtlHycrzwS+6mfTrrSq97BvaYcPZZI1ZSqGSPR73Cxn4LKTD4PttRwfU7jWq5g==",
      "requires": {
        "ajv": "^6.5.5",
        "har-schema": "^2.0.0"
      }
    },
    "hasurl": {
      "version": "1.0.0",
      "resolved": "https://registry.npmjs.org/hasurl/-/hasurl-1.0.0.tgz",
      "integrity": "sha512-43ypUd3DbwyCT01UYpA99AEZxZ4aKtRxWGBHEIbjcOsUghd9YUON0C+JF6isNjaiwC/UF5neaUudy6JS9jZPZQ=="
    },
    "http-errors": {
      "version": "1.7.2",
      "resolved": "https://registry.npmjs.org/http-errors/-/http-errors-1.7.2.tgz",
      "integrity": "sha512-uUQBt3H/cSIVfch6i1EuPNy/YsRSOUBXTVfZ+yR7Zjez3qjBz6i9+i4zjNaoqcoFVI4lQJ5plg63TvGfRSDCRg==",
      "requires": {
        "depd": "~1.1.2",
        "inherits": "2.0.3",
        "setprototypeof": "1.1.1",
        "statuses": ">= 1.5.0 < 2",
        "toidentifier": "1.0.0"
      }
    },
    "http-signature": {
      "version": "1.2.0",
      "resolved": "https://registry.npmjs.org/http-signature/-/http-signature-1.2.0.tgz",
      "integrity": "sha1-muzZJRFHcvPZW2WmCruPfBj7rOE=",
      "requires": {
        "assert-plus": "^1.0.0",
        "jsprim": "^1.2.2",
        "sshpk": "^1.7.0"
      }
    },
    "humanize-ms": {
      "version": "1.2.1",
      "resolved": "https://registry.npmjs.org/humanize-ms/-/humanize-ms-1.2.1.tgz",
      "integrity": "sha1-xG4xWaKT9riW2ikxbYtv6Lt5u+0=",
      "requires": {
        "ms": "^2.0.0"
      }
    },
    "iconv-lite": {
      "version": "0.4.24",
      "resolved": "https://registry.npmjs.org/iconv-lite/-/iconv-lite-0.4.24.tgz",
      "integrity": "sha512-v3MXnZAcvnywkTUEZomIActle7RXXeedOR31wwl7VlyoXO4Qi9arvSenNQWne1TcRwhCL1HwLI21bEqdpj8/rA==",
      "requires": {
        "safer-buffer": ">= 2.1.2 < 3"
      }
    },
    "inherits": {
      "version": "2.0.3",
      "resolved": "https://registry.npmjs.org/inherits/-/inherits-2.0.3.tgz",
      "integrity": "sha1-Yzwsg+PaQqUC9SRmAiSA9CCCYd4="
    },
    "io-ts": {
      "version": "1.10.4",
      "resolved": "https://registry.npmjs.org/io-ts/-/io-ts-1.10.4.tgz",
      "integrity": "sha512-b23PteSnYXSONJ6JQXRAlvJhuw8KOtkqa87W4wDtvMrud/DTJd5X+NpOOI+O/zZwVq6v0VLAaJ+1EDViKEuN9g==",
      "requires": {
        "fp-ts": "^1.0.0"
      }
    },
    "ipaddr.js": {
      "version": "1.9.0",
      "resolved": "https://registry.npmjs.org/ipaddr.js/-/ipaddr.js-1.9.0.tgz",
      "integrity": "sha512-M4Sjn6N/+O6/IXSJseKqHoFc+5FdGJ22sXqnjTpdZweHK64MzEPAyQZyEU3R/KRv2GLoa7nNtg/C2Ev6m7z+eA=="
    },
    "is-stream": {
      "version": "2.0.0",
      "resolved": "https://registry.npmjs.org/is-stream/-/is-stream-2.0.0.tgz",
      "integrity": "sha512-XCoy+WlUr7d1+Z8GgSuXmpuUFC9fOhRXglJMx+dwLKTkL44Cjd4W1Z5P+BQZpr+cR93aGP4S/s7Ftw6Nd/kiEw=="
    },
    "is-typedarray": {
      "version": "1.0.0",
      "resolved": "https://registry.npmjs.org/is-typedarray/-/is-typedarray-1.0.0.tgz",
      "integrity": "sha1-5HnICFjfDBsR3dppQPlgEfzaSpo="
    },
    "isstream": {
      "version": "0.1.2",
      "resolved": "https://registry.npmjs.org/isstream/-/isstream-0.1.2.tgz",
      "integrity": "sha1-R+Y/evVa+m+S4VAOaQ64uFKcCZo="
    },
    "jsbn": {
      "version": "0.1.1",
      "resolved": "https://registry.npmjs.org/jsbn/-/jsbn-0.1.1.tgz",
      "integrity": "sha1-peZUwuWi3rXyAdls77yoDA7y9RM="
    },
    "json-schema": {
      "version": "0.2.3",
      "resolved": "https://registry.npmjs.org/json-schema/-/json-schema-0.2.3.tgz",
      "integrity": "sha1-tIDIkuWaLwWVTOcnvT8qTogvnhM="
    },
    "json-schema-traverse": {
      "version": "0.4.1",
      "resolved": "https://registry.npmjs.org/json-schema-traverse/-/json-schema-traverse-0.4.1.tgz",
      "integrity": "sha512-xbbCH5dCYU5T8LcEhhuh7HJ88HXuW3qsI3Y0zOZFKfZEHcpWiHU/Jxzk629Brsab/mMiHQti9wMP+845RPe3Vg=="
    },
    "json-stringify-safe": {
      "version": "5.0.1",
      "resolved": "https://registry.npmjs.org/json-stringify-safe/-/json-stringify-safe-5.0.1.tgz",
      "integrity": "sha1-Epai1Y/UXxmg9s4B1lcB4sc1tus="
    },
    "jsprim": {
      "version": "1.4.1",
      "resolved": "https://registry.npmjs.org/jsprim/-/jsprim-1.4.1.tgz",
      "integrity": "sha1-MT5mvB5cwG5Di8G3SZwuXFastqI=",
      "requires": {
        "assert-plus": "1.0.0",
        "extsprintf": "1.3.0",
        "json-schema": "0.2.3",
        "verror": "1.10.0"
      }
    },
    "lodash.sortby": {
      "version": "4.7.0",
      "resolved": "https://registry.npmjs.org/lodash.sortby/-/lodash.sortby-4.7.0.tgz",
      "integrity": "sha1-7dFMgk4sycHgsKG0K7UhBRakJDg="
    },
    "media-typer": {
      "version": "0.3.0",
      "resolved": "https://registry.npmjs.org/media-typer/-/media-typer-0.3.0.tgz",
      "integrity": "sha1-hxDXrwqmJvj/+hzgAWhUUmMlV0g="
    },
    "merge": {
      "version": "1.2.1",
      "resolved": "https://registry.npmjs.org/merge/-/merge-1.2.1.tgz",
      "integrity": "sha512-VjFo4P5Whtj4vsLzsYBu5ayHhoHJ0UqNm7ibvShmbmoz7tGi0vXaoJbGdB+GmDMLUdg8DpQXEIeVDAe8MaABvQ=="
    },
    "merge-descriptors": {
      "version": "1.0.1",
      "resolved": "https://registry.npmjs.org/merge-descriptors/-/merge-descriptors-1.0.1.tgz",
      "integrity": "sha1-sAqqVW3YtEVoFQ7J0blT8/kMu2E="
    },
    "methods": {
      "version": "1.1.2",
      "resolved": "https://registry.npmjs.org/methods/-/methods-1.1.2.tgz",
      "integrity": "sha1-VSmk1nZUE07cxSZmVoNbD4Ua/O4="
    },
    "mime": {
      "version": "1.6.0",
      "resolved": "https://registry.npmjs.org/mime/-/mime-1.6.0.tgz",
      "integrity": "sha512-x0Vn8spI+wuJ1O6S7gnbaQg8Pxh4NNHb7KSINmEWKiPE4RKOplvijn+NkmYmmRgP68mc70j2EbeTFRsrswaQeg=="
    },
    "mime-db": {
      "version": "1.43.0",
      "resolved": "https://registry.npmjs.org/mime-db/-/mime-db-1.43.0.tgz",
      "integrity": "sha512-+5dsGEEovYbT8UY9yD7eE4XTc4UwJ1jBYlgaQQF38ENsKR3wj/8q8RFZrF9WIZpB2V1ArTVFUva8sAul1NzRzQ=="
    },
    "mime-types": {
      "version": "2.1.26",
      "resolved": "https://registry.npmjs.org/mime-types/-/mime-types-2.1.26.tgz",
      "integrity": "sha512-01paPWYgLrkqAyrlDorC1uDwl2p3qZT7yl806vW7DvDoxwXi46jsjFbg+WdwotBIk6/MbEhO/dh5aZ5sNj/dWQ==",
      "requires": {
        "mime-db": "1.43.0"
      }
    },
    "ms": {
      "version": "2.0.0",
      "resolved": "https://registry.npmjs.org/ms/-/ms-2.0.0.tgz",
      "integrity": "sha1-VgiurfwAvmwpAd9fmGF4jeDVl8g="
    },
    "negotiator": {
      "version": "0.6.2",
      "resolved": "https://registry.npmjs.org/negotiator/-/negotiator-0.6.2.tgz",
      "integrity": "sha512-hZXc7K2e+PgeI1eDBe/10Ard4ekbfrrqG8Ep+8Jmf4JID2bNg7NvCPOZN+kfF574pFQI7mum2AUqDidoKqcTOw=="
    },
    "node-fetch": {
      "version": "2.6.0",
      "resolved": "https://registry.npmjs.org/node-fetch/-/node-fetch-2.6.0.tgz",
      "integrity": "sha512-8dG4H5ujfvFiqDmVu9fQ5bOHUC15JMjMY/Zumv26oOvvVJjM67KF8koCWIabKQ1GJIa9r2mMZscBq/TbdOcmNA=="
    },
    "oauth-sign": {
      "version": "0.9.0",
      "resolved": "https://registry.npmjs.org/oauth-sign/-/oauth-sign-0.9.0.tgz",
      "integrity": "sha512-fexhUFFPTGV8ybAtSIGbV6gOkSv8UtRbDBnAyLQw4QPKkgNlsH2ByPGtMUqdWkos6YCRmAqViwgZrJc/mRDzZQ=="
    },
    "on-finished": {
      "version": "2.3.0",
      "resolved": "https://registry.npmjs.org/on-finished/-/on-finished-2.3.0.tgz",
      "integrity": "sha1-IPEzZIGwg811M3mSoWlxqi2QaUc=",
      "requires": {
        "ee-first": "1.1.1"
      }
    },
    "parseurl": {
      "version": "1.3.3",
      "resolved": "https://registry.npmjs.org/parseurl/-/parseurl-1.3.3.tgz",
      "integrity": "sha512-CiyeOxFT/JZyN5m0z9PfXw4SCBJ6Sygz1Dpl0wqjlhDEGGBP1GnsUVEL0p63hoG1fcj3fHynXi9NYO4nWOL+qQ=="
    },
    "path-to-regexp": {
      "version": "0.1.7",
      "resolved": "https://registry.npmjs.org/path-to-regexp/-/path-to-regexp-0.1.7.tgz",
      "integrity": "sha1-32BBeABfUi8V60SQ5yR6G/qmf4w="
    },
    "performance-now": {
      "version": "2.1.0",
      "resolved": "https://registry.npmjs.org/performance-now/-/performance-now-2.1.0.tgz",
      "integrity": "sha1-Ywn04OX6kT7BxpMHrjZLSzd8nns="
    },
    "proxy-addr": {
      "version": "2.0.5",
      "resolved": "https://registry.npmjs.org/proxy-addr/-/proxy-addr-2.0.5.tgz",
      "integrity": "sha512-t/7RxHXPH6cJtP0pRG6smSr9QJidhB+3kXu0KgXnbGYMgzEnUxRQ4/LDdfOwZEMyIh3/xHb8PX3t+lfL9z+YVQ==",
      "requires": {
        "forwarded": "~0.1.2",
        "ipaddr.js": "1.9.0"
      }
    },
    "psl": {
      "version": "1.7.0",
      "resolved": "https://registry.npmjs.org/psl/-/psl-1.7.0.tgz",
      "integrity": "sha512-5NsSEDv8zY70ScRnOTn7bK7eanl2MvFrOrS/R6x+dBt5g1ghnj9Zv90kO8GwT8gxcu2ANyFprnFYB85IogIJOQ=="
    },
    "punycode": {
      "version": "2.1.1",
      "resolved": "https://registry.npmjs.org/punycode/-/punycode-2.1.1.tgz",
      "integrity": "sha512-XRsRjdf+j5ml+y/6GKHPZbrF/8p2Yga0JPtdqTIY2Xe5ohJPD9saDJJLPvp9+NSBprVvevdXZybnj2cv8OEd0A=="
    },
    "q": {
      "version": "1.5.1",
      "resolved": "https://registry.npmjs.org/q/-/q-1.5.1.tgz",
      "integrity": "sha1-fjL3W0E4EpHQRhHxvxQQmsAGUdc="
    },
    "qs": {
      "version": "6.7.0",
      "resolved": "https://registry.npmjs.org/qs/-/qs-6.7.0.tgz",
      "integrity": "sha512-VCdBRNFTX1fyE7Nb6FYoURo/SPe62QCaAyzJvUjwRaIsc+NePBEniHlvxFmmX56+HZphIGtV0XeCirBtpDrTyQ=="
    },
    "query-string": {
      "version": "6.11.0",
      "resolved": "https://registry.npmjs.org/query-string/-/query-string-6.11.0.tgz",
      "integrity": "sha512-jS+me8X3OEGFTsF6kF+vUUMFG/d3WUCvD7bHhfZP5784nOq1pjj8yau/u86nfOncmcN6ZkSWKWkKAvv/MGxzLA==",
      "requires": {
        "decode-uri-component": "^0.2.0",
        "split-on-first": "^1.0.0",
        "strict-uri-encode": "^2.0.0"
      }
    },
    "range-parser": {
      "version": "1.2.1",
      "resolved": "https://registry.npmjs.org/range-parser/-/range-parser-1.2.1.tgz",
      "integrity": "sha512-Hrgsx+orqoygnmhFbKaHE6c296J+HTAQXoxEF6gNupROmmGJRoyzfG3ccAveqCBrwr/2yxQ5BVd/GTl5agOwSg=="
    },
    "raw-body": {
      "version": "2.4.0",
      "resolved": "https://registry.npmjs.org/raw-body/-/raw-body-2.4.0.tgz",
      "integrity": "sha512-4Oz8DUIwdvoa5qMJelxipzi/iJIi40O5cGV1wNYp5hvZP8ZN0T+jiNkL0QepXs+EsQ9XJ8ipEDoiH70ySUJP3Q==",
      "requires": {
        "bytes": "3.1.0",
        "http-errors": "1.7.2",
        "iconv-lite": "0.4.24",
        "unpipe": "1.0.0"
      }
    },
    "reflect-metadata": {
      "version": "0.1.13",
      "resolved": "https://registry.npmjs.org/reflect-metadata/-/reflect-metadata-0.1.13.tgz",
      "integrity": "sha512-Ts1Y/anZELhSsjMcU605fU9RE4Oi3p5ORujwbIKXfWa+0Zxs510Qrmrce5/Jowq3cHSZSJqBjypxmHarc+vEWg=="
    },
    "request": {
      "version": "2.88.2",
      "resolved": "https://registry.npmjs.org/request/-/request-2.88.2.tgz",
      "integrity": "sha512-MsvtOrfG9ZcrOwAW+Qi+F6HbD0CWXEh9ou77uOb7FM2WPhwT7smM833PzanhJLsgXjN89Ir6V2PczXNnMpwKhw==",
      "requires": {
        "aws-sign2": "~0.7.0",
        "aws4": "^1.8.0",
        "caseless": "~0.12.0",
        "combined-stream": "~1.0.6",
        "extend": "~3.0.2",
        "forever-agent": "~0.6.1",
        "form-data": "~2.3.2",
        "har-validator": "~5.1.3",
        "http-signature": "~1.2.0",
        "is-typedarray": "~1.0.0",
        "isstream": "~0.1.2",
        "json-stringify-safe": "~5.0.1",
        "mime-types": "~2.1.19",
        "oauth-sign": "~0.9.0",
        "performance-now": "^2.1.0",
        "qs": "~6.5.2",
        "safe-buffer": "^5.1.2",
        "tough-cookie": "~2.5.0",
        "tunnel-agent": "^0.6.0",
        "uuid": "^3.3.2"
      },
      "dependencies": {
        "qs": {
          "version": "6.5.2",
          "resolved": "https://registry.npmjs.org/qs/-/qs-6.5.2.tgz",
          "integrity": "sha512-N5ZAX4/LxJmF+7wN74pUD6qAh9/wnvdQcjq9TZjevvXzSUo7bfmw91saqMjzGS2xq91/odN2dW/WOl7qQHNDGA=="
        }
      }
    },
    "safe-buffer": {
      "version": "5.1.2",
      "resolved": "https://registry.npmjs.org/safe-buffer/-/safe-buffer-5.1.2.tgz",
      "integrity": "sha512-Gd2UZBJDkXlY7GbJxfsE8/nvKkUEU1G38c1siN6QP6a9PT9MmHB8GnpscSmMJSoF8LOIrt8ud/wPtojys4G6+g=="
    },
    "safer-buffer": {
      "version": "2.1.2",
      "resolved": "https://registry.npmjs.org/safer-buffer/-/safer-buffer-2.1.2.tgz",
      "integrity": "sha512-YZo3K82SD7Riyi0E1EQPojLz7kpepnSQI9IyPbHHg1XXXevb5dJI7tpyN2ADxGcQbHG7vcyRHk0cbwqcQriUtg=="
    },
    "send": {
      "version": "0.17.1",
      "resolved": "https://registry.npmjs.org/send/-/send-0.17.1.tgz",
      "integrity": "sha512-BsVKsiGcQMFwT8UxypobUKyv7irCNRHk1T0G680vk88yf6LBByGcZJOTJCrTP2xVN6yI+XjPJcNuE3V4fT9sAg==",
      "requires": {
        "debug": "2.6.9",
        "depd": "~1.1.2",
        "destroy": "~1.0.4",
        "encodeurl": "~1.0.2",
        "escape-html": "~1.0.3",
        "etag": "~1.8.1",
        "fresh": "0.5.2",
        "http-errors": "~1.7.2",
        "mime": "1.6.0",
        "ms": "2.1.1",
        "on-finished": "~2.3.0",
        "range-parser": "~1.2.1",
        "statuses": "~1.5.0"
      },
      "dependencies": {
        "ms": {
          "version": "2.1.1",
          "resolved": "https://registry.npmjs.org/ms/-/ms-2.1.1.tgz",
          "integrity": "sha512-tgp+dl5cGk28utYktBsrFqA7HKgrhgPsg6Z/EfhWI4gl1Hwq8B/GmY/0oXZ6nF8hDVesS/FpnYaD/kOWhYQvyg=="
        }
      }
    },
    "serve-static": {
      "version": "1.14.1",
      "resolved": "https://registry.npmjs.org/serve-static/-/serve-static-1.14.1.tgz",
      "integrity": "sha512-JMrvUwE54emCYWlTI+hGrGv5I8dEwmco/00EvkzIIsR7MqrHonbD9pO2MOfFnpFntl7ecpZs+3mW+XbQZu9QCg==",
      "requires": {
        "encodeurl": "~1.0.2",
        "escape-html": "~1.0.3",
        "parseurl": "~1.3.3",
        "send": "0.17.1"
      }
    },
    "setprototypeof": {
      "version": "1.1.1",
      "resolved": "https://registry.npmjs.org/setprototypeof/-/setprototypeof-1.1.1.tgz",
      "integrity": "sha512-JvdAWfbXeIGaZ9cILp38HntZSFSo3mWg6xGcJJsd+d4aRMOqauag1C63dJfDw7OaMYwEbHMOxEZ1lqVRYP2OAw=="
    },
    "split-on-first": {
      "version": "1.1.0",
      "resolved": "https://registry.npmjs.org/split-on-first/-/split-on-first-1.1.0.tgz",
      "integrity": "sha512-43ZssAJaMusuKWL8sKUBQXHWOpq8d6CfN/u1p4gUzfJkM05C8rxTmYrkIPTXapZpORA6LkkzcUulJ8FqA7Uudw=="
    },
    "sshpk": {
      "version": "1.16.1",
      "resolved": "https://registry.npmjs.org/sshpk/-/sshpk-1.16.1.tgz",
      "integrity": "sha512-HXXqVUq7+pcKeLqqZj6mHFUMvXtOJt1uoUx09pFW6011inTMxqI8BA8PM95myrIyyKwdnzjdFjLiE6KBPVtJIg==",
      "requires": {
        "asn1": "~0.2.3",
        "assert-plus": "^1.0.0",
        "bcrypt-pbkdf": "^1.0.0",
        "dashdash": "^1.12.0",
        "ecc-jsbn": "~0.1.1",
        "getpass": "^0.1.1",
        "jsbn": "~0.1.0",
        "safer-buffer": "^2.0.2",
        "tweetnacl": "~0.14.0"
      }
    },
    "statuses": {
      "version": "1.5.0",
      "resolved": "https://registry.npmjs.org/statuses/-/statuses-1.5.0.tgz",
      "integrity": "sha1-Fhx9rBd2Wf2YEfQ3cfqZOBR4Yow="
    },
    "strict-uri-encode": {
      "version": "2.0.0",
      "resolved": "https://registry.npmjs.org/strict-uri-encode/-/strict-uri-encode-2.0.0.tgz",
      "integrity": "sha1-ucczDHBChi9rFC3CdLvMWGbONUY="
    },
    "toidentifier": {
      "version": "1.0.0",
      "resolved": "https://registry.npmjs.org/toidentifier/-/toidentifier-1.0.0.tgz",
      "integrity": "sha512-yaOH/Pk/VEhBWWTlhI+qXxDFXlejDGcQipMlyxda9nthulaxLZUNcUqFxokp0vcYnvteJln5FNQDRrxj3YcbVw=="
    },
    "tough-cookie": {
      "version": "2.5.0",
      "resolved": "https://registry.npmjs.org/tough-cookie/-/tough-cookie-2.5.0.tgz",
      "integrity": "sha512-nlLsUzgm1kfLXSXfRZMc1KLAugd4hqJHDTvc2hDIwS3mZAfMEuMbc03SujMF+GEcpaX/qboeycw6iO8JwVv2+g==",
      "requires": {
        "psl": "^1.1.28",
        "punycode": "^2.1.1"
      }
    },
    "tr46": {
      "version": "1.0.1",
      "resolved": "https://registry.npmjs.org/tr46/-/tr46-1.0.1.tgz",
      "integrity": "sha1-qLE/1r/SSJUZZ0zN5VujaTtwbQk=",
      "requires": {
        "punycode": "^2.1.0"
      }
    },
    "tunnel-agent": {
      "version": "0.6.0",
      "resolved": "https://registry.npmjs.org/tunnel-agent/-/tunnel-agent-0.6.0.tgz",
      "integrity": "sha1-J6XeoGs2sEoKmWZ3SykIaPD8QP0=",
      "requires": {
        "safe-buffer": "^5.0.1"
      }
    },
    "tweetnacl": {
      "version": "0.14.5",
      "resolved": "https://registry.npmjs.org/tweetnacl/-/tweetnacl-0.14.5.tgz",
      "integrity": "sha1-WuaBd/GS1EViadEIr6k/+HQ/T2Q="
    },
    "type-is": {
      "version": "1.6.18",
      "resolved": "https://registry.npmjs.org/type-is/-/type-is-1.6.18.tgz",
      "integrity": "sha512-TkRKr9sUTxEH8MdfuCSP7VizJyzRNMjj2J2do2Jr3Kym598JVdEksuzPQCnlFPW4ky9Q+iA+ma9BGm06XQBy8g==",
      "requires": {
        "media-typer": "0.3.0",
        "mime-types": "~2.1.24"
      }
    },
    "universal-url": {
      "version": "1.0.1",
      "resolved": "https://registry.npmjs.org/universal-url/-/universal-url-1.0.1.tgz",
      "integrity": "sha512-WqnOre1p6yP0JAoENa/9jD4E4dIpKQ66AUxM2d1kWTSKcOGqSNdg9tqk4NBQcJpoRe/DfnN6hni/aSofSwoDgg==",
      "requires": {
        "hasurl": "^1.0.0",
        "whatwg-url": "^6.5.0"
      }
    },
    "unpipe": {
      "version": "1.0.0",
      "resolved": "https://registry.npmjs.org/unpipe/-/unpipe-1.0.0.tgz",
      "integrity": "sha1-sr9O6FFKrmFltIF4KdIbLvSZBOw="
    },
    "uri-js": {
      "version": "4.2.2",
      "resolved": "https://registry.npmjs.org/uri-js/-/uri-js-4.2.2.tgz",
      "integrity": "sha512-KY9Frmirql91X2Qgjry0Wd4Y+YTdrdZheS8TFwvkbLWf/G5KNJDCh6pKL5OZctEW4+0Baa5idK2ZQuELRwPznQ==",
      "requires": {
        "punycode": "^2.1.0"
      }
    },
    "utils-merge": {
      "version": "1.0.1",
      "resolved": "https://registry.npmjs.org/utils-merge/-/utils-merge-1.0.1.tgz",
      "integrity": "sha1-n5VxD1CiZ5R7LMwSR0HBAoQn5xM="
    },
    "uuid": {
      "version": "3.4.0",
      "resolved": "https://registry.npmjs.org/uuid/-/uuid-3.4.0.tgz",
      "integrity": "sha512-HjSDRw6gZE5JMggctHBcjVak08+KEVhSIiDzFnT9S9aegmp85S/bReBVTb4QTFaRNptJ9kuYaNhnbNEOkbKb/A=="
    },
    "vary": {
      "version": "1.1.2",
      "resolved": "https://registry.npmjs.org/vary/-/vary-1.1.2.tgz",
      "integrity": "sha1-IpnwLG3tMNSllhsLn3RSShj2NPw="
    },
    "verror": {
      "version": "1.10.0",
      "resolved": "https://registry.npmjs.org/verror/-/verror-1.10.0.tgz",
      "integrity": "sha1-OhBcoXBTr1XW4nDB+CiGguGNpAA=",
      "requires": {
        "assert-plus": "^1.0.0",
        "core-util-is": "1.0.2",
        "extsprintf": "^1.2.0"
      }
    },
    "webidl-conversions": {
      "version": "4.0.2",
      "resolved": "https://registry.npmjs.org/webidl-conversions/-/webidl-conversions-4.0.2.tgz",
      "integrity": "sha512-YQ+BmxuTgd6UXZW3+ICGfyqRyHXVlD5GtQr5+qjiNW7bF0cqrzX500HVXPBOvgXb5YnzDd+h0zqyv61KUD7+Sg=="
    },
    "whatwg-fetch": {
      "version": "3.0.0",
      "resolved": "https://registry.npmjs.org/whatwg-fetch/-/whatwg-fetch-3.0.0.tgz",
      "integrity": "sha512-9GSJUgz1D4MfyKU7KRqwOjXCXTqWdFNvEr7eUBYchQiVc744mqK/MzXPNR2WsPkmkOa4ywfg8C2n8h+13Bey1Q=="
    },
    "whatwg-url": {
      "version": "6.5.0",
      "resolved": "https://registry.npmjs.org/whatwg-url/-/whatwg-url-6.5.0.tgz",
      "integrity": "sha512-rhRZRqx/TLJQWUpQ6bmrt2UV4f0HCQ463yQuONJqC6fO2VoEb1pTYddbe59SkYq87aoM5A3bdhMZiUiVws+fzQ==",
      "requires": {
        "lodash.sortby": "^4.7.0",
        "tr46": "^1.0.1",
        "webidl-conversions": "^4.0.2"
      }
    }
  }
}
