<?xml version="1.0" encoding="UTF-8" standalone="yes"?>
<Patient xmlns="http://hl7.org/fhir">
   <meta>
       <profile value="http://hl7.org/fhir/us/core/StructureDefinition/us-core-patient"/>
   </meta>
   <text>
      <status value="generated"/>
      <div xmlns="http://www.w3.org/1999/xhtml"> 
            MRN: 15274424-2
            NAME: Gerard Siedel
            PHONE #: 18009999999 </div>
   </text>
   <extension url="http://hl7.org/fhir/us/core/StructureDefinition/us-core-race">
      <extension url="ombCategory">
         <valueCoding>
            <system value="urn:oid:2.16.840.1.113883.6.238"/>
            <code value="2106-3"/>
            <display value="White"/>
         </valueCoding>
      </extension>
      <extension url="ombCategory">
         <valueCoding>
            <system value="urn:oid:2.16.840.1.113883.6.238"/>
            <code value="1002-5"/>
            <display value="American Indian or Alaska Native"/>
         </valueCoding>
      </extension>
      <extension url="ombCategory">
         <valueCoding>
            <system value="urn:oid:2.16.840.1.113883.6.238"/>
            <code value="2028-9"/>
            <display value="Asian"/>
         </valueCoding>
      </extension>
      <extension url="detailed">
         <valueCoding>
            <system value="urn:oid:2.16.840.1.113883.6.238"/>
            <code value="1586-7"/>
            <display value="Shoshone"/>
         </valueCoding>
      </extension>
      <extension url="detailed">
         <valueCoding>
            <system value="urn:oid:2.16.840.1.113883.6.238"/>
            <code value="2036-2"/>
            <display value="Filipino"/>
         </valueCoding>
      </extension>
      <extension url="text">
         <valueString value="Mixed"/>
      </extension>
   </extension>
   <extension
      url="http://hl7.org/fhir/us/core/StructureDefinition/us-core-ethnicity">
      <extension url="ombCategory">
         <valueCoding>
            <system value="urn:oid:2.16.840.1.113883.6.238"/>
            <code value="2135-2"/>
            <display value="Hispanic or Latino"/>
         </valueCoding>
      </extension>
      <extension url="detailed">
         <valueCoding>
            <system value="urn:oid:2.16.840.1.113883.6.238"/>
            <code value="2184-0"/>
            <display value="Dominican"/>
         </valueCoding>
      </extension>
      <extension url="detailed">
         <valueCoding>
            <system value="urn:oid:2.16.840.1.113883.6.238"/>
            <code value="2148-5"/>
            <display value="Mexican"/>
         </valueCoding>
      </extension>
      <extension url="text">
         <valueString value="Hispanic or Latino"/>
      </extension>
   </extension>
   <extension
      url="http://hl7.org/fhir/us/core/StructureDefinition/us-core-birthsex">
      <valueCode value="F"/>
   </extension>
   <identifier>
      <system value="http://www.mrn_patients.com/mrn"/>
      <value value="9"/>
   </identifier>
   <name>
      <use value="official"/>
      <family value="Siedel"/>
      <given value="Gerard"/>
   </name>
   <telecom>
      <system value="phone"/>
      <value value="18009999999"/>
      <use value="work"/>
   </telecom>
   <gender value="male"/>
   <birthDate value="1983-08-29"/>
   <address>
      <line value="Suite 50"/>
      <city value="Ann Arbor"/>
      <state value="MI"/>
      <postalCode value="90210"/>
      <country value="US"/>
   </address>
</Patient>
