<?xml version="1.0" encoding="utf-8"?>
<StructureDefinition xmlns="http://hl7.org/fhir">
  <url value="https://saintmartinhospital.org/fhir/StructureDefinition/Patient" />
  <name value="SaintMartinHospitalPatient" />
  <status value="draft" />
  <fhirVersion value="4.0.0" />
  <kind value="resource" />
  <abstract value="false" />
  <type value="Patient" />
  <baseDefinition value="http://hl7.org/fhir/StructureDefinition/Patient" />
  <derivation value="constraint" />
  <differential>
    <element id="Patient.identifier">
      <path value="Patient.identifier" />
      <min value="1" />
    </element>
    <element id="Patient.active">
      <path value="Patient.active" />
      <max value="0" />
    </element>
    <element id="Patient.name">
      <path value="Patient.name" />
      <min value="1" />
    </element>
    <element id="Patient.name.use">
      <path value="Patient.name.use" />
      <min value="1" />
    </element>
    <element id="Patient.name.given">
      <path value="Patient.name.given" />
      <min value="1" />
    </element>
    <element id="Patient.name.prefix">
      <path value="Patient.name.prefix" />
      <max value="0" />
    </element>
    <element id="Patient.name.suffix">
      <path value="Patient.name.suffix" />
      <max value="0" />
    </element>
    <element id="Patient.name.period">
      <path value="Patient.name.period" />
      <max value="0" />
    </element>
    <element id="Patient.telecom">
      <path value="Patient.telecom" />
      <min value="1" />
      <max value="1" />
    </element>
    <element id="Patient.gender">
      <path value="Patient.gender" />
      <min value="1" />
    </element>
    <element id="Patient.birthDate">
      <path value="Patient.birthDate" />
      <min value="1" />
    </element>
    <element id="Patient.deceased[x]">
      <path value="Patient.deceased[x]" />
      <max value="0" />
    </element>
    <element id="Patient.address">
      <path value="Patient.address" />
      <max value="0" />
    </element>
    <element id="Patient.maritalStatus">
      <path value="Patient.maritalStatus" />
      <max value="0" />
    </element>
    <element id="Patient.multipleBirth[x]">
      <path value="Patient.multipleBirth[x]" />
      <max value="0" />
    </element>
    <element id="Patient.photo">
      <path value="Patient.photo" />
      <max value="0" />
    </element>
    <element id="Patient.contact">
      <path value="Patient.contact" />
      <max value="0" />
    </element>
    <element id="Patient.communication">
      <path value="Patient.communication" />
      <max value="0" />
    </element>
    <element id="Patient.generalPractitioner">
      <path value="Patient.generalPractitioner" />
      <max value="0" />
    </element>
    <element id="Patient.managingOrganization">
      <path value="Patient.managingOrganization" />
      <max value="0" />
    </element>
    <element id="Patient.link">
      <path value="Patient.link" />
      <max value="0" />
    </element>
  </differential>
</StructureDefinition>